股票代码,股票名称,交易日期,开盘价,最高价,最低价,收盘价,前收盘价,成交量,成交额
sh600000,浦发银行,2016-01-04,18.28,18.28,17.55,17.8,18.27,42240610.0,754425783.0
sh600000,浦发银行,2016-01-05,17.51,18.06,17.4,17.96,17.8,58054793.0,1034181474.0
sh600000,浦发银行,2016-01-06,17.9,18.14,17.69,18.1,17.96,46772653.0,838667398.0
sh600000,浦发银行,2016-01-07,17.8,17.9,17.4,17.51,18.1,11350479.0,199502702.0
sh600000,浦发银行,2016-01-08,17.74,17.88,16.91,17.49,17.51,71918296.0,1262105060.0
sh600000,浦发银行,2016-01-11,17.21,17.45,16.96,17.05,17.49,90177135.0,1550155933.0
sh600000,浦发银行,2016-01-12,17.17,17.52,17.08,17.45,17.05,55374454.0,964061502.0
sh600000,浦发银行,2016-01-13,17.57,17.9,17.35,17.39,17.45,47869312.0,843717365.0
sh600000,浦发银行,2016-01-14,17.0,17.99,16.89,17.92,17.39,54838833.0,966117848.0
sh600000,浦发银行,2016-01-15,17.8,18.15,17.52,17.58,17.92,46723139.0,836146426.0
sh600000,浦发银行,2016-01-18,17.43,17.99,17.32,17.68,17.58,32729006.0,583291559.0
sh600000,浦发银行,2016-01-19,17.78,17.88,17.5,17.77,17.68,29807159.0,527753175.0
sh600000,浦发银行,2016-01-20,17.61,17.7,17.08,17.25,17.77,35968636.0,623546924.0
sh600000,浦发银行,2016-01-21,17.22,17.46,16.5,16.58,17.25,34197115.0,582845476.0
sh600000,浦发银行,2016-01-22,16.84,17.11,16.49,17.02,16.58,42007318.0,708179241.0
sh600000,浦发银行,2016-01-25,17.0,17.17,16.72,17.03,17.02,23558971.0,400445071.0
sh600000,浦发银行,2016-01-26,16.96,17.14,16.4,16.66,17.03,38279766.0,643611762.0
sh600000,浦发银行,2016-01-27,16.75,16.98,16.51,16.68,16.66,44291307.0,742640743.0
sh600000,浦发银行,2016-01-28,16.76,16.82,15.88,16.58,16.68,38902180.0,643984171.0
sh600000,浦发银行,2016-01-29,16.52,17.05,16.41,16.9,16.58,47429000.0,799493381.0
sh600000,浦发银行,2016-02-01,16.99,17.0,16.41,16.5,16.9,29139596.0,485275132.0
sh600000,浦发银行,2016-02-02,16.5,16.94,16.46,16.76,16.5,25380981.0,425396889.0
sh600000,浦发银行,2016-02-03,16.6,16.66,16.45,16.61,16.76,27779183.0,459255616.0
sh600000,浦发银行,2016-02-04,16.84,17.32,16.63,17.3,16.61,47162860.0,799283799.0
sh600000,浦发银行,2016-02-05,17.24,18.39,17.15,18.38,17.3,78413454.0,1401156041.0
sh600000,浦发银行,2016-02-15,17.98,18.48,17.8,18.45,18.38,67296317.0,1221398339.0
sh600000,浦发银行,2016-03-11,17.51,17.53,16.61,16.97,18.45,98240322.0,1657158636.0
sh600000,浦发银行,2016-03-14,16.88,17.47,16.82,16.86,16.97,56922239.0,973317374.0
sh600000,浦发银行,2016-03-15,16.95,17.19,16.81,17.02,16.86,37540932.0,638223050.0
sh600000,浦发银行,2016-03-16,16.92,18.07,16.91,18.03,17.02,108404378.0,1924212601.0
sh600000,浦发银行,2016-03-17,17.81,18.19,17.45,17.7,18.03,68635812.0,1219236346.0
sh600000,浦发银行,2016-03-18,17.79,18.0,17.65,17.84,17.7,55987968.0,996332597.0
sh600000,浦发银行,2016-03-21,17.78,18.25,17.78,18.06,17.84,42001532.0,756966797.0
sh600000,浦发银行,2016-03-22,18.09,18.63,18.02,18.15,18.06,43760811.0,800814893.0
sh600000,浦发银行,2016-03-23,18.16,18.35,18.06,18.13,18.15,27830795.0,506023215.0
sh600000,浦发银行,2016-03-24,18.11,18.11,17.68,17.72,18.13,27448272.0,488313660.0
sh600000,浦发银行,2016-03-25,17.72,17.87,17.68,17.74,17.72,13619185.0,241971869.0
sh600000,浦发银行,2016-03-28,17.78,18.0,17.37,17.45,17.74,24521696.0,433449200.0
sh600000,浦发银行,2016-03-29,17.53,17.66,17.37,17.45,17.45,19151152.0,335806206.0
sh600000,浦发银行,2016-03-30,17.65,17.95,17.65,17.87,17.45,35562148.0,634175207.0
sh600000,浦发银行,2016-03-31,17.98,18.08,17.72,17.93,17.87,23762112.0,425380429.0
sh600000,浦发银行,2016-04-01,17.98,18.25,17.61,18.18,17.93,35790541.0,643979468.0
sh600000,浦发银行,2016-04-05,17.94,18.29,17.76,18.17,18.18,42622297.0,768010128.0
sh600000,浦发银行,2016-04-06,18.03,18.14,17.87,17.96,18.17,23428724.0,421234846.0
sh600000,浦发银行,2016-04-07,17.95,18.0,17.63,17.69,17.96,29047713.0,516129852.0
sh600000,浦发银行,2016-04-08,17.56,17.76,17.53,17.6,17.69,17132244.0,301704521.0
sh600000,浦发银行,2016-04-11,17.6,17.82,17.55,17.67,17.6,24117635.0,426862387.0
sh600000,浦发银行,2016-04-12,17.69,17.7,17.53,17.62,17.67,14100759.0,248002295.0
sh600000,浦发银行,2016-04-13,17.73,17.99,17.69,17.74,17.62,35189716.0,627667715.0
sh600000,浦发银行,2016-04-14,17.9,18.01,17.75,17.8,17.74,15796208.0,281977244.0
sh600000,浦发银行,2016-04-15,17.95,18.06,17.8,17.89,17.8,34773526.0,623836222.0
sh600000,浦发银行,2016-04-18,17.75,18.03,17.66,17.81,17.89,28084133.0,501790676.0
sh600000,浦发银行,2016-04-19,17.95,17.98,17.78,17.9,17.81,27246371.0,487095912.0
sh600000,浦发银行,2016-04-20,17.89,17.99,17.31,17.96,17.9,46614611.0,825437834.0
sh600000,浦发银行,2016-04-21,17.82,18.35,17.75,18.12,17.96,48212915.0,872382605.0
sh600000,浦发银行,2016-04-22,18.0,18.36,17.94,18.24,18.12,28178162.0,513194655.0
sh600000,浦发银行,2016-04-25,18.15,18.16,17.82,17.88,18.24,24294360.0,435467860.0
sh600000,浦发银行,2016-04-26,17.87,18.08,17.75,17.92,17.88,15739400.0,281501388.0
sh600000,浦发银行,2016-04-27,17.97,17.97,17.8,17.86,17.92,13838875.0,247622905.0
sh600000,浦发银行,2016-04-28,17.93,18.1,17.83,17.9,17.86,15728417.0,282201353.0
sh600000,浦发银行,2016-04-29,17.83,17.94,17.75,17.83,17.9,23065933.0,412460987.0
sh600000,浦发银行,2016-05-03,17.95,18.24,17.83,18.12,17.83,27776723.0,501830132.0
sh600000,浦发银行,2016-05-04,18.06,18.23,18.02,18.08,18.12,23118959.0,418592994.0
sh600000,浦发银行,2016-05-05,18.06,18.12,17.98,18.06,18.08,14936632.0,269576075.0
sh600000,浦发银行,2016-05-06,18.07,18.1,17.71,17.73,18.06,23406763.0,418454827.0
sh600000,浦发银行,2016-05-09,17.71,17.8,17.4,17.51,17.73,21947591.0,386423417.0
sh600000,浦发银行,2016-05-10,17.38,17.56,17.38,17.48,17.51,16846648.0,294675478.0
sh600000,浦发银行,2016-05-11,17.55,17.57,17.4,17.45,17.48,11941164.0,208655785.0
sh600000,浦发银行,2016-05-12,17.43,17.5,17.2,17.41,17.45,14668954.0,254410730.0
sh600000,浦发银行,2016-05-13,17.37,17.46,17.22,17.24,17.41,11013829.0,190929402.0
sh600000,浦发银行,2016-05-16,17.23,17.35,17.21,17.29,17.24,11045624.0,190872655.0
sh600000,浦发银行,2016-05-17,17.29,17.34,17.16,17.25,17.29,9765153.0,168387277.0
sh600000,浦发银行,2016-05-18,17.25,17.62,17.02,17.56,17.25,30962453.0,536935470.0
sh600000,浦发银行,2016-05-19,17.44,17.49,17.33,17.35,17.56,10380826.0,180686332.0
sh600000,浦发银行,2016-05-20,17.31,17.5,17.27,17.45,17.35,11140621.0,194223009.0
sh600000,浦发银行,2016-05-23,17.5,17.68,17.44,17.55,17.45,14080659.0,247441303.0
sh600000,浦发银行,2016-05-24,17.48,17.6,17.43,17.55,17.55,10725938.0,187905438.0
sh600000,浦发银行,2016-05-25,17.68,17.73,17.6,17.67,17.55,13766238.0,243549455.0
sh600000,浦发银行,2016-05-26,17.65,17.86,17.65,17.7,17.67,11065062.0,196266938.0
sh600000,浦发银行,2016-05-27,17.69,17.77,17.63,17.74,17.7,11621242.0,205801175.0
sh600000,浦发银行,2016-05-30,17.84,17.97,17.68,17.95,17.74,17538184.0,313324795.0
sh600000,浦发银行,2016-05-31,17.93,18.4,17.92,18.29,17.95,35631526.0,650177320.0
sh600000,浦发银行,2016-06-01,18.3,18.35,18.13,18.19,18.29,18312424.0,333790682.0
sh600000,浦发银行,2016-06-02,18.2,18.3,17.93,18.02,18.19,17786525.0,321768768.0
sh600000,浦发银行,2016-06-03,18.12,18.13,17.9,18.01,18.02,18003512.0,323746001.0
sh600000,浦发银行,2016-06-06,18.05,18.11,17.97,18.02,18.01,17856247.0,321865763.0
sh600000,浦发银行,2016-06-07,18.1,18.13,17.97,18.02,18.02,16533983.0,298145352.0
sh600000,浦发银行,2016-06-08,18.01,18.07,17.97,17.99,18.02,23758300.0,427741583.0
sh600000,浦发银行,2016-06-13,17.86,17.94,17.77,17.78,17.99,30051583.0,536281150.0
sh600000,浦发银行,2016-06-14,17.77,17.83,17.7,17.79,17.78,18773357.0,333449719.0
sh600000,浦发银行,2016-06-15,17.61,17.76,17.55,17.74,17.79,26332177.0,464557383.0
sh600000,浦发银行,2016-06-16,17.67,17.93,17.6,17.8,17.74,30871127.0,549171213.0
sh600000,浦发银行,2016-06-17,17.75,17.99,17.74,17.77,17.8,17412233.0,311113072.0
sh600000,浦发银行,2016-06-20,17.93,17.93,17.75,17.85,17.77,9681495.0,172507202.0
sh600000,浦发银行,2016-06-21,17.88,17.95,17.75,17.78,17.85,15852873.0,282663680.0
sh600000,浦发银行,2016-06-22,17.8,17.9,17.78,17.89,17.78,14227501.0,253800359.0
sh600000,浦发银行,2016-06-23,15.9,15.9,15.71,15.72,15.8,12882295.0,203560849.0
sh600000,浦发银行,2016-06-24,15.7,15.79,15.08,15.28,15.72,30575522.0,470756348.0
sh600000,浦发银行,2016-06-27,15.29,15.39,15.18,15.31,15.28,19163499.0,292488228.0
sh600000,浦发银行,2016-06-28,15.27,15.3,15.18,15.28,15.31,12559826.0,191346962.0
sh600000,浦发银行,2016-06-29,15.29,15.54,15.28,15.5,15.28,21253351.0,326320213.0
sh600000,浦发银行,2016-06-30,15.5,15.66,15.44,15.57,15.5,20735886.0,323223547.0
sh600000,浦发银行,2016-07-01,15.57,15.96,15.54,15.92,15.57,25106479.0,394802033.0
sh600000,浦发银行,2016-07-04,15.86,16.03,15.8,15.93,15.92,21411650.0,341120776.0
sh600000,浦发银行,2016-07-05,15.94,15.95,15.75,15.79,15.93,16171615.0,255727223.0
sh600000,浦发银行,2016-07-06,15.71,15.76,15.61,15.64,15.79,22976510.0,360070168.0
sh600000,浦发银行,2016-07-07,15.63,15.64,15.45,15.57,15.64,24498042.0,380536334.0
sh600000,浦发银行,2016-07-08,15.55,15.56,15.44,15.45,15.57,14901331.0,230568191.0
sh600000,浦发银行,2016-07-11,15.56,15.57,15.4,15.43,15.45,22852491.0,354003568.0
sh600000,浦发银行,2016-07-12,15.48,15.65,15.45,15.64,15.43,25545130.0,397267013.0
sh600000,浦发银行,2016-07-13,15.65,15.97,15.64,15.79,15.64,36238056.0,573546775.0
sh600000,浦发银行,2016-07-14,15.77,15.84,15.64,15.7,15.79,16883421.0,265364888.0
sh600000,浦发银行,2016-07-15,15.71,15.75,15.65,15.71,15.7,15998100.0,251152944.0
sh600000,浦发银行,2016-07-18,15.73,15.91,15.66,15.77,15.71,27766982.0,438169692.0
sh600000,浦发银行,2016-07-19,15.77,15.8,15.65,15.73,15.77,17179816.0,269908287.0
sh600000,浦发银行,2016-07-20,15.7,15.76,15.63,15.75,15.73,14866526.0,233284416.0
sh600000,浦发银行,2016-07-21,15.74,15.87,15.7,15.83,15.75,22020445.0,348156592.0
sh600000,浦发银行,2016-07-22,15.81,15.82,15.58,15.63,15.83,16711700.0,262066573.0
sh600000,浦发银行,2016-07-25,15.63,15.76,15.63,15.69,15.63,11441970.0,179598105.0
sh600000,浦发银行,2016-07-26,15.69,15.79,15.65,15.74,15.69,20462397.0,321598665.0
sh600000,浦发银行,2016-07-27,15.73,15.88,15.45,15.87,15.74,40697330.0,637937308.0
sh600000,浦发银行,2016-07-28,15.77,15.79,15.65,15.68,15.87,17451372.0,274345301.0
sh600000,浦发银行,2016-07-29,15.65,15.71,15.61,15.7,15.68,14348301.0,224747562.0
sh600000,浦发银行,2016-08-01,15.68,15.85,15.65,15.8,15.7,22909943.0,361191350.0
sh600000,浦发银行,2016-08-02,15.79,15.85,15.68,15.75,15.8,10877815.0,171311340.0
sh600000,浦发银行,2016-08-03,15.64,15.72,15.62,15.67,15.75,10583990.0,165699514.0
sh600000,浦发银行,2016-08-04,15.69,15.69,15.49,15.59,15.67,15610498.0,243122631.0
sh600000,浦发银行,2016-08-05,15.6,15.8,15.59,15.73,15.59,17648517.0,277447198.0
sh600000,浦发银行,2016-08-08,15.76,15.76,15.66,15.74,15.73,13129367.0,206333087.0
sh600000,浦发银行,2016-08-09,15.75,15.8,15.71,15.79,15.74,15480879.0,243949588.0
sh600000,浦发银行,2016-08-10,15.8,15.85,15.73,15.83,15.79,18499535.0,292534452.0
sh600000,浦发银行,2016-08-11,15.75,16.4,15.74,16.07,15.83,52689421.0,852413099.0
sh600000,浦发银行,2016-08-12,16.12,16.39,16.0,16.36,16.07,46991632.0,763634354.0
sh600000,浦发银行,2016-08-15,16.5,17.02,16.45,16.94,16.36,77333862.0,1299618491.0
sh600000,浦发银行,2016-08-16,16.94,16.99,16.67,16.7,16.94,49384036.0,829743468.0
sh600000,浦发银行,2016-08-17,16.72,16.85,16.52,16.64,16.7,36446597.0,606581272.0
sh600000,浦发银行,2016-08-18,16.55,16.77,16.35,16.44,16.64,37110139.0,612294413.0
sh600000,浦发银行,2016-08-19,16.43,16.5,16.36,16.42,16.44,19927300.0,327521631.0
sh600000,浦发银行,2016-08-22,16.42,16.47,16.31,16.41,16.42,19768630.0,324280093.0
sh600000,浦发银行,2016-08-23,16.41,16.56,16.32,16.4,16.41,31754370.0,521794934.0
sh600000,浦发银行,2016-08-24,16.41,16.51,16.34,16.39,16.4,17085424.0,280402637.0
sh600000,浦发银行,2016-08-25,16.36,16.41,16.2,16.34,16.39,24749915.0,403472216.0
sh600000,浦发银行,2016-08-26,16.36,16.4,16.29,16.34,16.34,14688056.0,240035889.0
sh600000,浦发银行,2016-08-29,16.31,16.37,16.08,16.23,16.34,30202023.0,489414008.0
sh600000,浦发银行,2016-08-30,16.24,16.49,16.24,16.4,16.23,36396993.0,597418078.0
sh600000,浦发银行,2016-08-31,16.35,16.56,16.32,16.48,16.4,22003438.0,362526025.0
sh600000,浦发银行,2016-09-01,16.48,16.55,16.38,16.41,16.48,21272047.0,349934548.0
sh600000,浦发银行,2016-09-02,16.38,16.5,16.35,16.48,16.41,23147001.0,380418559.0
sh600000,浦发银行,2016-09-05,16.49,16.58,16.42,16.49,16.48,25677035.0,423399290.0
sh600000,浦发银行,2016-09-06,16.49,16.53,16.37,16.41,16.49,20282647.0,333206432.0
sh600000,浦发银行,2016-09-07,16.41,16.5,16.35,16.48,16.41,17975558.0,295519896.0
sh600000,浦发银行,2016-09-08,16.47,16.61,16.43,16.6,16.48,24406900.0,403801797.0
sh600000,浦发银行,2016-09-09,16.62,16.66,16.5,16.56,16.6,18739471.0,310623908.0
sh600000,浦发银行,2016-09-12,16.38,16.47,16.26,16.4,16.56,36509177.0,597895474.0
sh600000,浦发银行,2016-09-13,16.4,16.46,16.39,16.45,16.4,14234378.0,233969071.0
sh600000,浦发银行,2016-09-14,16.43,16.48,16.38,16.4,16.45,23981413.0,393967822.0
sh600000,浦发银行,2016-09-19,16.45,16.51,16.42,16.46,16.4,14465955.0,238091122.0
sh600000,浦发银行,2016-09-20,16.47,16.48,16.42,16.46,16.46,17396811.0,286078658.0
sh600000,浦发银行,2016-09-21,16.47,16.51,16.43,16.45,16.46,9416102.0,154918234.0
sh600000,浦发银行,2016-09-22,16.49,16.59,16.47,16.53,16.45,11527832.0,190442429.0
sh600000,浦发银行,2016-09-23,16.55,16.55,16.48,16.48,16.53,10200460.0,168270146.0
sh600000,浦发银行,2016-09-26,16.45,16.57,16.41,16.48,16.48,20769186.0,342748706.0
sh600000,浦发银行,2016-09-27,16.42,16.52,16.42,16.48,16.48,17025470.0,280852907.0
sh600000,浦发银行,2016-09-28,16.48,16.53,16.46,16.48,16.48,12841990.0,211844619.0
sh600000,浦发银行,2016-09-29,16.52,16.55,16.49,16.5,16.48,10997408.0,181620111.0
sh600000,浦发银行,2016-09-30,16.5,16.53,16.48,16.49,16.5,12190268.0,201085204.0
sh600000,浦发银行,2016-10-10,16.53,16.6,16.48,16.55,16.49,18666854.0,308450225.0
sh600000,浦发银行,2016-10-11,16.57,16.58,16.5,16.57,16.55,12690366.0,209785537.0
sh600000,浦发银行,2016-10-12,16.54,16.54,16.48,16.51,16.57,10643884.0,175594201.0
sh600000,浦发银行,2016-10-13,16.51,16.52,16.42,16.43,16.51,14504356.0,238973130.0
sh600000,浦发银行,2016-10-14,16.43,16.47,16.38,16.46,16.43,10660114.0,175020225.0
sh600000,浦发银行,2016-10-17,16.41,16.44,16.22,16.27,16.46,16424904.0,268130860.0
sh600000,浦发银行,2016-10-18,16.28,16.39,16.24,16.34,16.27,18251833.0,298064113.0
sh600000,浦发银行,2016-10-19,16.35,16.39,16.24,16.27,16.34,11143167.0,181631901.0
sh600000,浦发银行,2016-10-20,16.27,16.34,16.25,16.29,16.27,8985794.0,146255319.0
sh600000,浦发银行,2016-10-21,16.29,16.34,16.22,16.3,16.29,10884798.0,177155062.0
sh600000,浦发银行,2016-10-24,16.3,16.58,16.27,16.47,16.3,24757241.0,406980667.0
sh600000,浦发银行,2016-10-25,16.48,16.5,16.36,16.42,16.47,13309321.0,218721453.0
sh600000,浦发银行,2016-10-26,16.4,16.42,16.3,16.32,16.42,12436805.0,203174010.0
sh600000,浦发银行,2016-10-27,16.3,16.31,16.18,16.19,16.32,19517454.0,316513318.0
sh600000,浦发银行,2016-10-28,16.19,16.34,16.18,16.29,16.19,15067204.0,244739683.0
sh600000,浦发银行,2016-10-31,16.23,16.31,16.01,16.27,16.29,14673298.0,237635070.0
sh600000,浦发银行,2016-11-01,16.26,16.33,16.21,16.3,16.27,13028259.0,212179107.0
sh600000,浦发银行,2016-11-02,16.21,16.3,16.18,16.2,16.3,25051160.0,406667269.0
sh600000,浦发银行,2016-11-03,16.19,16.38,16.19,16.35,16.2,25864110.0,421412550.0
sh600000,浦发银行,2016-11-04,16.3,16.53,16.29,16.4,16.35,21516475.0,353348691.0
sh600000,浦发银行,2016-11-07,16.39,16.45,16.38,16.42,16.4,21351658.0,350381736.0
sh600000,浦发银行,2016-11-08,16.45,16.54,16.44,16.47,16.42,17307155.0,285419770.0
sh600000,浦发银行,2016-11-09,16.47,16.53,16.36,16.46,16.47,39826582.0,655055488.0
sh600000,浦发银行,2016-11-10,16.55,16.64,16.48,16.57,16.46,20484554.0,339602785.0
sh600000,浦发银行,2016-11-11,16.56,16.63,16.45,16.59,16.57,21539188.0,356740636.0
sh600000,浦发银行,2016-11-14,16.53,16.7,16.52,16.6,16.59,18124496.0,301208006.0
sh600000,浦发银行,2016-11-15,16.59,16.61,16.5,16.59,16.6,15714142.0,260648299.0
sh600000,浦发银行,2016-11-16,16.59,16.63,16.54,16.6,16.59,12395504.0,205688793.0
sh600000,浦发银行,2016-11-17,16.58,16.63,16.52,16.6,16.6,22718556.0,376599274.0
sh600000,浦发银行,2016-11-18,16.59,16.64,16.55,16.6,16.6,29274383.0,485488349.0
sh600000,浦发银行,2016-11-21,16.59,16.73,16.54,16.64,16.6,21432453.0,356612260.0
sh600000,浦发银行,2016-11-22,16.67,16.72,16.63,16.68,16.64,21080968.0,351666631.0
sh600000,浦发银行,2016-11-23,16.68,17.23,16.66,16.93,16.68,45036427.0,765689745.0
sh600000,浦发银行,2016-11-24,16.93,17.12,16.86,16.89,16.93,21043140.0,356783606.0
sh600000,浦发银行,2016-11-25,16.89,17.1,16.81,17.09,16.89,23335230.0,396231886.0
sh600000,浦发银行,2016-11-28,17.15,17.49,17.15,17.21,17.09,33835281.0,584558233.0
sh600000,浦发银行,2016-11-29,17.21,17.35,17.11,17.26,17.21,29530098.0,509203656.0
sh600000,浦发银行,2016-11-30,17.28,17.45,17.1,17.16,17.26,20135026.0,346784527.0
sh600000,浦发银行,2016-12-01,17.15,17.27,17.05,17.15,17.16,18449219.0,316391192.0
sh600000,浦发银行,2016-12-02,17.1,17.18,16.8,17.1,17.15,33895875.0,576329869.0
sh600000,浦发银行,2016-12-05,16.95,17.32,16.91,17.3,17.1,38201368.0,655302810.0
sh600000,浦发银行,2016-12-06,17.28,17.42,17.2,17.22,17.3,20948075.0,362989434.0
sh600000,浦发银行,2016-12-07,17.17,17.2,17.06,17.07,17.22,15550748.0,265825550.0
sh600000,浦发银行,2016-12-08,17.15,17.2,17.04,17.14,17.07,13234569.0,226759229.0
sh600000,浦发银行,2016-12-09,17.14,17.46,17.12,17.34,17.14,28835648.0,500164630.0
sh600000,浦发银行,2016-12-12,17.34,17.57,17.19,17.49,17.34,48359554.0,841905183.0
sh600000,浦发银行,2016-12-13,17.36,17.44,17.16,17.17,17.49,15602869.0,270112439.0
sh600000,浦发银行,2016-12-14,17.17,17.42,17.12,17.18,17.17,17860552.0,309185673.0
sh600000,浦发银行,2016-12-15,17.13,17.13,16.7,16.7,17.18,30809613.0,517398943.0
sh600000,浦发银行,2016-12-16,16.7,16.83,16.63,16.66,16.7,14531366.0,242842108.0
sh600000,浦发银行,2016-12-19,16.65,16.7,16.51,16.52,16.66,8483493.0,140430889.0
sh600000,浦发银行,2016-12-20,16.52,16.56,16.12,16.28,16.52,22525817.0,366213562.0
sh600000,浦发银行,2016-12-21,16.26,16.37,16.25,16.32,16.28,12638809.0,206022869.0
sh600000,浦发银行,2016-12-22,16.32,16.33,16.14,16.19,16.32,11499190.0,186428629.0
sh600000,浦发银行,2016-12-23,16.17,16.22,16.07,16.19,16.19,11187906.0,180365980.0
sh600000,浦发银行,2016-12-26,16.13,16.28,16.01,16.25,16.19,14482456.0,233999583.0
sh600000,浦发银行,2016-12-27,16.25,16.32,16.13,16.14,16.25,10665824.0,172900199.0
sh600000,浦发银行,2016-12-28,16.14,16.19,16.03,16.09,16.14,14441526.0,232406679.0
sh600000,浦发银行,2016-12-29,16.09,16.15,15.99,16.07,16.09,11851308.0,190400022.0
sh600000,浦发银行,2016-12-30,16.07,16.23,16.04,16.21,16.07,12262167.0,197653917.0
sh600000,浦发银行,2017-01-03,16.21,16.44,16.17,16.3,16.21,16237125.0,265043268.0
sh600000,浦发银行,2017-01-04,16.29,16.35,16.18,16.33,16.3,29658734.0,482612222.0
sh600000,浦发银行,2017-01-05,16.3,16.38,16.24,16.3,16.33,26437646.0,431449126.0
sh600000,浦发银行,2017-01-06,16.3,16.3,16.13,16.18,16.3,17195598.0,278864536.0
sh600000,浦发银行,2017-01-09,16.24,16.29,16.13,16.2,16.18,14908745.0,241579598.0
sh600000,浦发银行,2017-01-10,16.18,16.24,16.14,16.19,16.2,7996756.0,129458363.0
sh600000,浦发银行,2017-01-11,16.24,16.24,16.15,16.16,16.19,9193332.0,148793816.0
sh600000,浦发银行,2017-01-12,16.18,16.2,16.11,16.12,16.16,8296150.0,134057682.0
sh600000,浦发银行,2017-01-13,16.1,16.29,16.1,16.27,16.12,19034143.0,308468975.0
sh600000,浦发银行,2017-01-16,16.23,16.6,16.1,16.56,16.27,53304724.0,876414508.0
sh600000,浦发银行,2017-01-17,16.46,16.54,16.37,16.4,16.56,12555292.0,206230538.0
sh600000,浦发银行,2017-01-18,16.42,16.55,16.36,16.48,16.4,11478663.0,189191354.0
sh600000,浦发银行,2017-01-19,16.43,16.64,16.43,16.54,16.48,12180687.0,201675871.0
sh600000,浦发银行,2017-01-20,16.58,16.66,16.5,16.6,16.54,14288268.0,236958622.0
sh600000,浦发银行,2017-01-23,16.66,16.69,16.51,16.57,16.6,14616540.0,242945923.0
sh600000,浦发银行,2017-01-24,16.58,16.7,16.58,16.69,16.57,14985241.0,249503391.0
sh600000,浦发银行,2017-01-25,16.69,16.74,16.61,16.69,16.69,11284869.0,188172530.0
sh600000,浦发银行,2017-01-26,16.69,16.84,16.61,16.74,16.69,8602907.0,144343272.0
sh600000,浦发银行,2017-02-03,16.82,16.85,16.62,16.63,16.74,8174289.0,136532939.0
sh600000,浦发银行,2017-02-06,16.75,16.78,16.66,16.66,16.63,13455850.0,225037394.0
sh600000,浦发银行,2017-02-07,16.65,16.74,16.63,16.67,16.66,14759284.0,246037892.0
sh600000,浦发银行,2017-02-08,16.63,16.69,16.54,16.67,16.67,11238867.0,186815177.0
sh600000,浦发银行,2017-02-09,16.68,16.77,16.59,16.72,16.67,11393034.0,190339364.0
sh600000,浦发银行,2017-02-10,16.76,16.84,16.7,16.78,16.72,13985262.0,234489132.0
sh600000,浦发银行,2017-02-13,16.88,16.9,16.78,16.85,16.78,19992872.0,336932200.0
sh600000,浦发银行,2017-02-14,16.87,16.88,16.74,16.75,16.85,12987235.0,217924152.0
sh600000,浦发银行,2017-02-15,16.82,16.93,16.75,16.84,16.75,25688032.0,433573962.0
sh600000,浦发银行,2017-02-16,16.88,16.91,16.76,16.78,16.84,16327832.0,274241728.0
sh600000,浦发银行,2017-02-17,16.78,16.82,16.59,16.64,16.78,13863642.0,231623672.0
sh600000,浦发银行,2017-02-20,16.62,16.98,16.62,16.91,16.64,29949984.0,503858485.0
sh600000,浦发银行,2017-02-21,16.88,17.08,16.81,16.88,16.91,17509118.0,296489045.0
sh600000,浦发银行,2017-02-22,16.88,16.9,16.73,16.75,16.88,17032277.0,285870629.0
sh600000,浦发银行,2017-02-23,16.78,16.83,16.64,16.69,16.75,15011148.0,250909254.0
sh600000,浦发银行,2017-02-24,16.67,16.75,16.66,16.71,16.69,11594971.0,193610637.0
sh600000,浦发银行,2017-02-27,16.69,16.72,16.53,16.59,16.71,13732273.0,228302043.0
sh600000,浦发银行,2017-02-28,16.58,16.67,16.53,16.59,16.59,12097943.0,200661656.0
sh600000,浦发银行,2017-03-01,16.58,16.62,16.52,16.56,16.59,16226984.0,268840218.0
sh600000,浦发银行,2017-03-02,16.62,16.62,16.39,16.41,16.56,18996632.0,312626391.0
sh600000,浦发银行,2017-03-03,16.42,16.43,16.32,16.35,16.41,12429467.0,203315662.0
sh600000,浦发银行,2017-03-06,16.37,16.53,16.35,16.41,16.35,15703751.0,258165904.0
sh600000,浦发银行,2017-03-07,16.38,16.45,16.37,16.43,16.41,9319842.0,152969168.0
sh600000,浦发银行,2017-03-08,16.4,16.44,16.35,16.39,16.43,10109647.0,165715073.0
sh600000,浦发银行,2017-03-09,16.37,16.4,16.22,16.22,16.39,17366025.0,282644706.0
sh600000,浦发银行,2017-03-10,16.23,16.28,16.17,16.23,16.22,16396375.0,265663459.0
sh600000,浦发银行,2017-03-13,16.23,16.34,16.16,16.34,16.23,17950147.0,291999358.0
sh600000,浦发银行,2017-03-14,16.34,16.35,16.24,16.26,16.34,16988979.0,276642688.0
sh600000,浦发银行,2017-03-15,16.24,16.28,16.17,16.24,16.26,18900324.0,306175990.0
sh600000,浦发银行,2017-03-16,16.27,16.35,16.25,16.29,16.24,19036545.0,310417986.0
sh600000,浦发银行,2017-03-17,16.3,16.32,16.14,16.2,16.29,21560354.0,350179470.0
sh600000,浦发银行,2017-03-20,16.24,16.25,16.13,16.14,16.2,15017806.0,242775930.0
sh600000,浦发银行,2017-03-21,16.15,16.16,15.98,16.0,16.14,31124617.0,499206643.0
sh600000,浦发银行,2017-03-22,15.98,15.98,15.7,15.78,16.0,43811429.0,691677895.0
sh600000,浦发银行,2017-03-23,15.8,15.92,15.79,15.88,15.78,22225660.0,352635979.0
sh600000,浦发银行,2017-03-24,15.85,16.0,15.83,15.96,15.88,19902006.0,316984958.0
sh600000,浦发银行,2017-03-27,15.97,16.13,15.9,16.04,15.96,18997369.0,304990151.0
sh600000,浦发银行,2017-03-28,16.11,16.13,15.97,16.01,16.04,13212969.0,211750766.0
sh600000,浦发银行,2017-03-29,16.01,16.11,15.8,15.87,16.01,23446792.0,372794465.0
sh600000,浦发银行,2017-03-30,15.88,15.9,15.72,15.81,15.87,23645144.0,373665115.0
sh600000,浦发银行,2017-03-31,15.78,16.05,15.77,16.01,15.81,24187120.0,385793421.0
sh600000,浦发银行,2017-04-05,16.05,16.2,15.89,16.16,16.01,31036271.0,499121565.0
sh600000,浦发银行,2017-04-06,16.09,16.18,16.03,16.1,16.16,22335442.0,359361840.0
sh600000,浦发银行,2017-04-07,16.06,16.16,16.02,16.1,16.1,20126948.0,323821647.0
sh600000,浦发银行,2017-04-10,16.12,16.12,15.94,15.97,16.1,16154024.0,258662668.0
sh600000,浦发银行,2017-04-11,15.97,15.99,15.81,15.89,15.97,18611375.0,295381671.0
sh600000,浦发银行,2017-04-12,15.88,15.96,15.75,15.89,15.89,22210541.0,352357729.0
sh600000,浦发银行,2017-04-13,15.88,15.89,15.73,15.75,15.89,23426650.0,369388222.0
sh600000,浦发银行,2017-04-14,15.76,15.78,15.42,15.51,15.75,40156553.0,625510632.0
sh600000,浦发银行,2017-04-17,15.53,15.6,15.3,15.56,15.51,36739448.0,566536789.0
sh600000,浦发银行,2017-04-18,15.5,15.52,15.3,15.3,15.56,22889980.0,351624622.0
sh600000,浦发银行,2017-04-19,15.25,15.27,15.11,15.11,15.3,24455407.0,371021507.0
sh600000,浦发银行,2017-04-20,15.12,15.14,14.9,14.91,15.11,41061406.0,614436383.0
sh600000,浦发银行,2017-04-21,14.92,15.07,14.85,15.05,14.91,22688358.0,340453104.0
sh600000,浦发银行,2017-04-24,15.05,15.11,14.91,15.0,15.05,17627803.0,264649933.0
sh600000,浦发银行,2017-04-25,15.02,15.1,14.99,15.05,15.0,12975919.0,195296862.0
sh600000,浦发银行,2017-04-26,15.06,15.11,15.0,15.05,15.05,14939871.0,225022668.0
sh600000,浦发银行,2017-04-27,15.05,15.25,15.03,15.21,15.05,22887645.0,345791526.0
sh600000,浦发银行,2017-04-28,15.15,15.22,15.08,15.21,15.21,15718509.0,238419161.0
sh600000,浦发银行,2017-05-02,15.21,15.22,15.13,15.16,15.21,12607509.0,191225527.0
sh600000,浦发银行,2017-05-03,15.16,15.16,15.05,15.08,15.16,14247943.0,215130847.0
sh600000,浦发银行,2017-05-04,15.07,15.07,14.9,14.98,15.08,19477788.0,291839737.0
sh600000,浦发银行,2017-05-05,14.95,14.98,14.52,14.92,14.98,40194577.0,592160198.0
sh600000,浦发银行,2017-05-08,14.78,14.9,14.51,14.86,14.92,43568576.0,638781010.0
sh600000,浦发银行,2017-05-09,14.69,14.84,14.66,14.76,14.86,19225492.0,283864640.0
sh600000,浦发银行,2017-05-10,14.76,14.85,14.55,14.61,14.76,28359413.0,418201400.0
sh600000,浦发银行,2017-05-11,14.57,14.79,14.55,14.75,14.61,27312908.0,400313949.0
sh600000,浦发银行,2017-05-12,14.75,15.23,14.73,15.21,14.75,45733426.0,687468466.0
sh600000,浦发银行,2017-05-15,15.27,15.43,15.16,15.27,15.21,29965820.0,458298668.0
sh600000,浦发银行,2017-05-16,15.23,15.29,15.08,15.27,15.27,24875396.0,377908567.0
sh600000,浦发银行,2017-05-17,15.24,15.26,15.07,15.21,15.27,33434411.0,505883672.0
sh600000,浦发银行,2017-05-18,15.1,15.14,14.95,15.01,15.21,30657927.0,460669387.0
sh600000,浦发银行,2017-05-19,15.04,15.08,14.91,15.02,15.01,28610626.0,428236200.0
sh600000,浦发银行,2017-05-22,15.02,15.06,14.93,15.04,15.02,30227245.0,453230616.0
sh600000,浦发银行,2017-05-23,15.0,15.57,14.98,15.43,15.04,75400428.0,1154524439.0
sh600000,浦发银行,2017-05-24,15.38,15.52,15.21,15.47,15.43,70439028.0,1081376996.0
sh600000,浦发银行,2017-05-25,11.75,12.93,11.72,12.93,11.75,222373433.0,2803027082.0
sh600000,浦发银行,2017-05-26,12.81,12.91,12.54,12.84,12.93,176456630.0,2246593329.0
sh600000,浦发银行,2017-05-31,12.75,13.05,12.66,12.84,12.84,113009809.0,1450286642.0
sh600000,浦发银行,2017-06-01,12.78,12.97,12.69,12.92,12.84,96217055.0,1235216028.0
sh600000,浦发银行,2017-06-02,12.93,13.01,12.74,12.89,12.92,80197701.0,1034450236.0
sh600000,浦发银行,2017-06-05,12.79,12.88,12.51,12.85,12.89,75876475.0,963227274.0
sh600000,浦发银行,2017-06-06,12.8,12.84,12.66,12.8,12.85,36104406.0,460469437.0
sh600000,浦发银行,2017-06-07,12.81,12.99,12.78,12.84,12.8,64395191.0,827766620.0
sh600000,浦发银行,2017-06-08,12.76,12.86,12.67,12.84,12.84,48194843.0,615876297.0
sh600000,浦发银行,2017-06-09,12.79,13.2,12.77,12.93,12.84,114434319.0,1489264558.0
sh600000,浦发银行,2017-06-12,12.9,13.14,12.76,12.78,12.93,73931192.0,955965931.0
sh600000,浦发银行,2017-06-13,12.78,12.78,12.56,12.59,12.78,52716070.0,665205801.0
sh600000,浦发银行,2017-06-14,12.6,12.64,12.31,12.46,12.59,55306982.0,687620409.0
sh600000,浦发银行,2017-06-15,12.41,12.46,12.28,12.38,12.46,37492860.0,462612620.0
sh600000,浦发银行,2017-06-16,12.38,12.46,12.27,12.35,12.38,47351062.0,586081485.0
sh600000,浦发银行,2017-06-19,12.36,12.43,12.3,12.4,12.35,32941278.0,407834844.0
sh600000,浦发银行,2017-06-20,12.41,12.44,12.22,12.29,12.4,44645196.0,548932358.0
sh600000,浦发银行,2017-06-21,12.4,12.4,12.26,12.34,12.29,34000062.0,418820218.0
sh600000,浦发银行,2017-06-22,12.33,12.84,12.29,12.57,12.34,110259441.0,1392278622.0
sh600000,浦发银行,2017-06-23,12.55,12.65,12.36,12.64,12.57,68579079.0,858095944.0
sh600000,浦发银行,2017-06-26,12.64,12.82,12.55,12.64,12.64,60509162.0,766551256.0
sh600000,浦发银行,2017-06-27,12.64,12.73,12.53,12.7,12.64,46687475.0,589020019.0
sh600000,浦发银行,2017-06-28,12.66,12.91,12.6,12.79,12.7,75349557.0,963202799.0
sh600000,浦发银行,2017-06-29,12.81,12.86,12.7,12.76,12.79,38994542.0,497489975.0
sh600000,浦发银行,2017-06-30,12.7,12.73,12.59,12.65,12.76,36566479.0,462244023.0
sh600000,浦发银行,2017-07-03,12.64,12.65,12.47,12.56,12.65,38778949.0,486264674.0
sh600000,浦发银行,2017-07-04,12.55,12.58,12.41,12.55,12.56,36659128.0,458434427.0
sh600000,浦发银行,2017-07-05,12.5,12.65,12.47,12.62,12.55,26470507.0,332542458.0
sh600000,浦发银行,2017-07-06,12.62,12.72,12.51,12.66,12.62,37414241.0,471582088.0
sh600000,浦发银行,2017-07-07,12.62,12.69,12.55,12.6,12.66,24667294.0,311101536.0
sh600000,浦发银行,2017-07-10,12.59,12.64,12.52,12.53,12.6,26411530.0,331940512.0
sh600000,浦发银行,2017-07-11,12.51,12.94,12.51,12.8,12.53,96835349.0,1238626601.0
sh600000,浦发银行,2017-07-12,12.8,13.06,12.74,12.86,12.8,80469025.0,1039614032.0
sh600000,浦发银行,2017-07-13,12.82,13.29,12.77,13.27,12.86,110219238.0,1436784310.0
sh600000,浦发银行,2017-07-14,13.34,13.8,13.34,13.59,13.27,146865370.0,1991795315.0
sh600000,浦发银行,2017-07-17,13.62,14.02,13.28,13.76,13.59,178661221.0,2448349167.0
sh600000,浦发银行,2017-07-18,13.65,13.72,13.4,13.55,13.76,69895876.0,946717556.0
sh600000,浦发银行,2017-07-19,13.56,13.78,13.48,13.69,13.55,66108709.0,900014392.0
sh600000,浦发银行,2017-07-20,13.67,13.7,13.53,13.62,13.69,40017492.0,544175215.0
sh600000,浦发银行,2017-07-21,13.61,13.63,13.38,13.45,13.62,52272375.0,702999237.0
sh600000,浦发银行,2017-07-24,13.45,13.74,13.36,13.67,13.45,65820954.0,892033686.0
sh600000,浦发银行,2017-07-25,13.62,13.75,13.41,13.51,13.67,58478099.0,795769078.0
sh600000,浦发银行,2017-07-26,13.45,13.7,13.36,13.38,13.51,57495388.0,775489074.0
sh600000,浦发银行,2017-07-27,13.38,13.47,13.28,13.38,13.38,33612097.0,449548317.0
sh600000,浦发银行,2017-07-28,13.37,13.49,13.3,13.47,13.38,24954961.0,334111573.0
sh600000,浦发银行,2017-07-31,13.45,13.52,13.31,13.36,13.47,45083081.0,602638872.0
sh600000,浦发银行,2017-08-01,13.42,13.49,13.32,13.43,13.36,64198064.0,860914609.0
sh600000,浦发银行,2017-08-02,13.44,13.6,13.39,13.44,13.43,61644148.0,830433621.0
sh600000,浦发银行,2017-08-03,13.42,13.42,13.04,13.08,13.44,78581867.0,1036842141.0
sh600000,浦发银行,2017-08-04,13.09,13.1,12.85,12.87,13.08,63181971.0,818014678.0
sh600000,浦发银行,2017-08-07,12.87,12.95,12.83,12.93,12.87,29528429.0,380518686.0
sh600000,浦发银行,2017-08-08,12.91,12.93,12.83,12.87,12.93,23570298.0,303469941.0
sh600000,浦发银行,2017-08-09,12.84,12.88,12.75,12.76,12.87,32303821.0,413575784.0
sh600000,浦发银行,2017-08-10,12.74,12.88,12.7,12.79,12.76,44056044.0,563372040.0
sh600000,浦发银行,2017-08-11,12.72,12.73,12.46,12.68,12.79,88890056.0,1118537328.0
sh600000,浦发银行,2017-08-14,12.62,12.63,12.52,12.56,12.68,45562027.0,572465225.0
sh600000,浦发银行,2017-08-15,12.58,12.76,12.56,12.59,12.56,62591905.0,792887783.0
sh600000,浦发银行,2017-08-16,12.56,12.56,12.47,12.49,12.59,33886531.0,423706578.0
sh600000,浦发银行,2017-08-17,12.49,12.55,12.47,12.53,12.49,39091156.0,488847378.0
sh600000,浦发银行,2017-08-18,12.5,12.57,12.46,12.51,12.53,35976632.0,450071386.0
sh600000,浦发银行,2017-08-21,12.5,12.57,12.46,12.51,12.51,33810237.0,422478328.0
sh600000,浦发银行,2017-08-22,12.51,12.53,12.41,12.43,12.51,58829999.0,731959991.0
sh600000,浦发银行,2017-08-23,12.44,12.66,12.41,12.57,12.43,96871587.0,1215804709.0
sh600000,浦发银行,2017-08-24,12.58,12.66,12.45,12.47,12.57,62153175.0,779043383.0
sh600000,浦发银行,2017-08-25,12.47,12.8,12.47,12.78,12.47,145590666.0,1842766907.0
sh600000,浦发银行,2017-08-28,12.83,12.96,12.75,12.89,12.78,104113170.0,1339965987.0
sh600000,浦发银行,2017-08-29,12.85,12.98,12.77,12.96,12.89,60063956.0,772995364.0
sh600000,浦发银行,2017-08-30,12.91,12.98,12.82,12.87,12.96,60479990.0,779708165.0
sh600000,浦发银行,2017-08-31,12.83,12.84,12.65,12.71,12.87,44790313.0,570138136.0
sh600000,浦发银行,2017-09-01,12.68,12.87,12.68,12.77,12.71,39264131.0,501796405.0
sh600000,浦发银行,2017-09-04,12.78,12.84,12.65,12.78,12.77,35667447.0,454951467.0
sh600000,浦发银行,2017-09-05,12.78,13.09,12.78,13.03,12.78,73493027.0,954528907.0
sh600000,浦发银行,2017-09-06,12.99,13.05,12.9,12.96,13.03,33823576.0,438219617.0
sh600000,浦发银行,2017-09-07,12.94,13.02,12.82,12.85,12.96,38224782.0,494212416.0
sh600000,浦发银行,2017-09-08,12.85,13.12,12.83,13.03,12.85,64778087.0,842285784.0
sh600000,浦发银行,2017-09-11,13.15,13.15,12.95,12.99,13.03,52234735.0,683194002.0
sh600000,浦发银行,2017-09-12,13.0,13.04,12.91,13.04,12.99,51012322.0,661471546.0
sh600000,浦发银行,2017-09-13,13.01,13.01,12.86,12.87,13.04,31972897.0,412327510.0
sh600000,浦发银行,2017-09-14,12.88,12.98,12.81,12.85,12.87,24160832.0,311079246.0
sh600000,浦发银行,2017-09-15,12.82,12.86,12.75,12.83,12.85,24874312.0,318464945.0
sh600000,浦发银行,2017-09-18,12.82,12.96,12.8,12.91,12.83,35747529.0,461032051.0
sh600000,浦发银行,2017-09-19,12.93,12.95,12.82,12.9,12.91,30170124.0,388627660.0
sh600000,浦发银行,2017-09-20,12.88,12.93,12.83,12.88,12.9,19867148.0,255856510.0
sh600000,浦发银行,2017-09-21,12.86,12.95,12.83,12.87,12.88,20140268.0,259643727.0
sh600000,浦发银行,2017-09-22,12.84,12.92,12.79,12.89,12.87,24192687.0,311178548.0
sh600000,浦发银行,2017-09-25,12.89,12.95,12.71,12.94,12.89,50687628.0,650703773.0
sh600000,浦发银行,2017-09-26,12.89,12.93,12.85,12.86,12.94,22163311.0,285364898.0
sh600000,浦发银行,2017-09-27,12.83,12.91,12.76,12.85,12.86,26374752.0,339097277.0
sh600000,浦发银行,2017-09-28,12.85,12.88,12.77,12.84,12.85,24124934.0,309223171.0
sh600000,浦发银行,2017-09-29,12.82,12.91,12.81,12.87,12.84,19822263.0,255341342.0
sh600000,浦发银行,2017-10-09,13.27,13.29,13.0,13.04,12.87,52149081.0,684274104.0
sh600000,浦发银行,2017-10-10,13.05,13.1,12.98,13.1,13.04,27493986.0,359114767.0
sh600000,浦发银行,2017-10-11,13.08,13.11,13.03,13.06,13.1,18706308.0,244440298.0
sh600000,浦发银行,2017-10-12,13.05,13.09,12.97,13.05,13.06,17125284.0,223204024.0
sh600000,浦发银行,2017-10-13,13.01,13.08,12.92,12.94,13.05,20857578.0,271308478.0
sh600000,浦发银行,2017-10-16,12.98,13.06,12.94,13.04,12.94,23611164.0,307206532.0
sh600000,浦发银行,2017-10-17,13.04,13.06,12.94,12.99,13.04,14692320.0,190770505.0
sh600000,浦发银行,2017-10-18,12.99,13.1,12.93,13.07,12.99,45458736.0,592125606.0
sh600000,浦发银行,2017-10-19,13.03,13.16,12.98,13.13,13.07,52881168.0,690607546.0
sh600000,浦发银行,2017-10-20,13.09,13.1,13.01,13.01,13.13,17228409.0,224781272.0
sh600000,浦发银行,2017-10-23,13.02,13.03,12.83,12.84,13.01,31563834.0,406941717.0
sh600000,浦发银行,2017-10-24,12.84,12.95,12.82,12.86,12.84,27236042.0,350864968.0
sh600000,浦发银行,2017-10-25,12.86,12.94,12.82,12.9,12.86,20743829.0,267109744.0
sh600000,浦发银行,2017-10-26,12.87,12.88,12.78,12.82,12.9,25275166.0,324110141.0
sh600000,浦发银行,2017-10-27,12.85,12.94,12.82,12.85,12.82,32673820.0,420972314.0
sh600000,浦发银行,2017-10-30,12.84,12.84,12.59,12.7,12.85,74713617.0,947820344.0
sh600000,浦发银行,2017-10-31,12.6,12.66,12.58,12.61,12.7,20120724.0,253737598.0
sh600000,浦发银行,2017-11-01,12.63,12.72,12.53,12.54,12.61,35368712.0,446287606.0
sh600000,浦发银行,2017-11-02,12.52,12.57,12.43,12.53,12.54,48267038.0,602955872.0
sh600000,浦发银行,2017-11-03,12.53,12.6,12.43,12.58,12.53,32848169.0,411198265.0
sh600000,浦发银行,2017-11-06,12.56,12.56,12.45,12.47,12.58,20016827.0,249788208.0
sh600000,浦发银行,2017-11-07,12.49,12.6,12.41,12.54,12.47,38677337.0,482986126.0
sh600000,浦发银行,2017-11-08,12.54,12.68,12.49,12.58,12.54,37134146.0,468242270.0
sh600000,浦发银行,2017-11-09,12.57,12.63,12.53,12.55,12.58,17463373.0,219541345.0
sh600000,浦发银行,2017-11-10,12.54,12.63,12.46,12.63,12.55,49925359.0,626756843.0
sh600000,浦发银行,2017-11-13,12.65,12.85,12.63,12.8,12.63,78009337.0,996962275.0
sh600000,浦发银行,2017-11-14,12.76,12.77,12.58,12.6,12.8,33754928.0,426955935.0
sh600000,浦发银行,2017-11-15,12.6,12.63,12.55,12.6,12.6,28076530.0,353327083.0
sh600000,浦发银行,2017-11-16,12.57,12.57,12.38,12.39,12.6,35680762.0,444238625.0
sh600000,浦发银行,2017-11-17,12.38,12.8,12.38,12.78,12.39,109336535.0,1378873267.0
sh600000,浦发银行,2017-11-20,12.7,12.86,12.61,12.85,12.78,61495420.0,783077227.0
sh600000,浦发银行,2017-11-21,12.81,13.17,12.75,12.94,12.85,116179412.0,1512638142.0
sh600000,浦发银行,2017-11-22,13.0,13.44,13.0,13.23,12.94,114576266.0,1513356223.0
sh600000,浦发银行,2017-11-23,13.24,13.32,12.91,13.06,13.23,81912602.0,1076890039.0
sh600000,浦发银行,2017-11-24,13.11,13.18,12.93,13.09,13.06,59612483.0,777699709.0
sh600000,浦发银行,2017-11-27,13.09,13.12,12.81,13.1,13.09,79250273.0,1028510255.0
sh600000,浦发银行,2017-11-28,13.03,13.07,12.92,12.94,13.1,34031908.0,441466983.0
sh600000,浦发银行,2017-11-29,12.95,13.04,12.81,12.94,12.94,41846783.0,540439739.0
sh600000,浦发银行,2017-11-30,12.91,12.95,12.8,12.91,12.94,39916356.0,513785829.0
sh600000,浦发银行,2017-12-01,12.93,12.95,12.81,12.91,12.91,38577445.0,496330241.0
sh600000,浦发银行,2017-12-04,12.87,12.94,12.84,12.92,12.91,36479233.0,470155474.0
sh600000,浦发银行,2017-12-05,12.92,13.27,12.91,13.17,12.92,123796797.0,1623138207.0
sh600000,浦发银行,2017-12-06,13.12,13.16,12.91,12.96,13.17,43564931.0,566372423.0
sh600000,浦发银行,2017-12-07,12.95,13.03,12.91,12.96,12.96,34802229.0,451233524.0
sh600000,浦发银行,2017-12-08,12.98,12.99,12.87,12.93,12.96,31296221.0,404411517.0
sh600000,浦发银行,2017-12-11,12.92,13.04,12.85,12.97,12.93,36649902.0,474566888.0
sh600000,浦发银行,2017-12-12,12.97,12.97,12.74,12.75,12.97,30370097.0,390113096.0
sh600000,浦发银行,2017-12-13,12.8,12.81,12.63,12.74,12.75,19345338.0,246331123.0
sh600000,浦发银行,2017-12-14,12.79,12.79,12.66,12.69,12.74,16141678.0,205219487.0
sh600000,浦发银行,2017-12-15,12.69,12.73,12.61,12.62,12.69,16210108.0,205323767.0
sh600000,浦发银行,2017-12-18,12.71,12.71,12.61,12.65,12.62,13445648.0,170140035.0
sh600000,浦发银行,2017-12-19,12.65,12.76,12.62,12.75,12.65,18399603.0,233884666.0
sh600000,浦发银行,2017-12-20,12.76,12.76,12.6,12.73,12.75,26639844.0,337603451.0
sh600000,浦发银行,2017-12-21,12.67,12.78,12.6,12.7,12.73,21052388.0,267624195.0
sh600000,浦发银行,2017-12-22,12.68,12.72,12.61,12.62,12.7,16076938.0,203468779.0
sh600000,浦发银行,2017-12-25,12.61,12.68,12.56,12.59,12.62,19306662.0,243553698.0
sh600000,浦发银行,2017-12-26,12.57,12.66,12.56,12.64,12.59,15225722.0,192219131.0
sh600000,浦发银行,2017-12-27,12.65,12.66,12.53,12.62,12.64,32731881.0,412197987.0
sh600000,浦发银行,2017-12-28,12.6,12.66,12.53,12.54,12.62,23870824.0,300834017.0
sh600000,浦发银行,2017-12-29,12.52,12.62,12.51,12.59,12.54,16351826.0,205752875.0
